<?xml version="1.0"?>
<!DOCTYPE hibernate-mapping PUBLIC "-//Hibernate/Hibernate Mapping DTD 3.0//EN"
"http://hibernate.sourceforge.net/hibernate-mapping-3.0.dtd">
<!-- Generated 15 Oct, 2021 7:34:58 PM by Hibernate Tools 3.5.0.Final -->
<hibernate-mapping>
    <class name="com.voidmain.pojo.Fare" table="FARE">
        <id name="id" type="int">
            <column name="ID" />
            <generator class="increment" />
        </id>
        <property name="flightid" type="java.lang.String">
            <column name="FLIGHTID" />
        </property>
        <property name="seatclass" type="java.lang.String">
            <column name="SEATCLASS" />
        </property>
        <property name="price" type="float">
            <column name="PRICE" />
        </property>
        <property name="noOfTickets" type="int">
            <column name="NOOFTICKETS" />
        </property>
    </class>
</hibernate-mapping>
