<?xml version="1.0"?>
<!DOCTYPE hibernate-mapping PUBLIC "-//Hibernate/Hibernate Mapping DTD 3.0//EN"
"http://hibernate.sourceforge.net/hibernate-mapping-3.0.dtd">
<!-- Generated 15 Oct, 2021 7:34:58 PM by Hibernate Tools 3.5.0.Final -->
<hibernate-mapping>
    <class name="com.voidmain.pojo.Flight" table="FLIGHT">
        <id name="id" type="int">
            <column name="ID" />
            <generator class="increment" />
        </id>
        <property name="name" type="java.lang.String">
            <column name="NAME" />
        </property>
        <property name="source" type="java.lang.String">
            <column name="SOURCE" />
        </property>
        <property name="destination" type="java.lang.String">
            <column name="DESTINATION" />
        </property>
        <property name="timings" type="java.lang.String">
            <column name="TIMINGS" />
        </property>
    </class>
</hibernate-mapping>
