<?xml version="1.0"?>
<!DOCTYPE hibernate-mapping PUBLIC "-//Hibernate/Hibernate Mapping DTD 3.0//EN"
"http://hibernate.sourceforge.net/hibernate-mapping-3.0.dtd">
<!-- Generated 15 Oct, 2021 7:34:58 PM by Hibernate Tools 3.5.0.Final -->
<hibernate-mapping>
    <class name="com.voidmain.pojo.Login" table="LOGIN">
        <id name="username" type="java.lang.String">
            <column name="USERNAME" />
            <generator class="assigned" />
        </id>
        <property name="password" type="java.lang.String">
            <column name="PASSWORD" />
        </property>
        <property name="role" type="java.lang.String">
            <column name="ROLE" />
        </property>
        <property name="status" type="java.lang.String">
            <column name="STATUS" />
        </property>
        <property name="otp" type="java.lang.String">
            <column name="OTP" />
        </property>
    </class>
</hibernate-mapping>
