<?xml version="1.0"?>
<!DOCTYPE hibernate-mapping PUBLIC "-//Hibernate/Hibernate Mapping DTD 3.0//EN"
"http://hibernate.sourceforge.net/hibernate-mapping-3.0.dtd">
<!-- Generated 15 Oct, 2021 7:34:58 PM by Hibernate Tools 3.5.0.Final -->
<hibernate-mapping>
    <class name="com.voidmain.pojo.Ticket" table="TICKET">
        <id name="id" type="int">
            <column name="ID" />
            <generator class="increment" />
        </id>
        <property name="seatclass" type="java.lang.String">
            <column name="SEATCLASS" />
        </property>
        <property name="dateofjourney" type="java.lang.String">
            <column name="DATEOFJOURNEY" />
        </property>
        <property name="userid" type="java.lang.String">
            <column name="USERID" />
        </property>
        <property name="flightid" type="java.lang.String">
            <column name="FLIGHTID" />
        </property>
    </class>
</hibernate-mapping>
